{"anchors": [4.34, 5.47, 4.56, 5.69, 4.91, 6.06, 4.75, 5.88, 4.62, 6.0], "inputs": {"input0": [224, 224, 3]}, "outputs": {"output0": [7, 7, 55]}, "loss": [[1, 6.39448], [2, 2.64367], [3, 2.30111], [4, 2.13271], [5, 2.03648], [6, 2.01906], [7, 2.01366], [8, 1.96434], [9, 1.9495], [10, 1.95593], [11, 1.94488], [12, 1.92233], [13, 1.9139], [14, 1.89664], [15, 1.90063], [16, 1.87926], [17, 1.88347], [18, 1.89072], [19, 1.88032], [20, 1.90115], [21, 1.89258], [22, 1.88161], [23, 1.8738], [24, 1.87727], [25, 1.87202], [26, 1.87423], [27, 1.87037], [28, 1.87171], [29, 1.87681], [30, 1.87699], [31, 1.86067], [32, 1.86886], [33, 1.86364], [34, 1.86614], [35, 1.85688], [36, 1.85031], [37, 1.87207], [38, 1.86176], [39, 1.86161], [40, 1.85797], [41, 1.85611], [42, 1.84627], [43, 1.85361], [44, 1.86248], [45, 1.86038], [46, 1.86087], [47, 1.8536], [48, 1.86059], [49, 1.85798], [50, 1.85509], [51, 1.86551], [52, 1.86074], [53, 1.86491], [54, 1.85131], [55, 1.84904], [56, 1.85724], [57, 1.86253], [58, 1.84772], [59, 1.84245], [60, 1.8472], [61, 1.85053], [62, 1.8493], [63, 1.85752], [64, 1.84273], [65, 1.85591], [66, 1.84524], [67, 1.85625], [68, 1.85165], [69, 1.8491], [70, 1.8598], [71, 1.84387], [72, 1.85444], [73, 1.86218], [74, 1.84226], [75, 1.8423], [76, 1.85991], [77, 1.84334], [78, 1.84089], [79, 1.84357], [80, 1.85743], [81, 1.84936], [82, 1.85408], [83, 1.85546], [84, 1.86269], [85, 1.84982], [86, 1.841], [87, 1.84464], [88, 1.84876], [89, 1.83912], [90, 1.84003], [91, 1.84713], [92, 1.85382], [93, 1.84236], [94, 1.85484], [95, 1.83683], [96, 1.84676], [97, 1.84257], [98, 1.83444], [99, 1.84256], [100, 1.85562], [101, 1.83532], [102, 1.85038], [103, 1.84962], [104, 1.85416], [105, 1.83942], [106, 1.83164], [107, 1.84226], [108, 1.84756], [109, 1.85663], [110, 1.84094], [111, 1.85434], [112, 1.84756], [113, 1.84844], [114, 1.8368], [115, 1.83912], [116, 1.84033], [117, 1.84433], [118, 1.8475], [119, 1.85038], [120, 1.84448], [121, 1.84559], [122, 1.83929], [123, 1.83792], [124, 1.83776], [125, 1.84094], [126, 1.8499], [127, 1.8388], [128, 1.84221], [129, 1.84266], [130, 1.84241], [131, 1.84962], [132, 1.84471], [133, 1.83486], [134, 1.85168], [135, 1.83546], [136, 1.83737], [137, 1.83616], [138, 1.84425], [139, 1.83435], [140, 1.8366], [141, 1.84488], [142, 1.84307], [143, 1.84169], [144, 1.8301], [145, 1.84701], [146, 1.82896], [147, 1.83811], [148, 1.84804], [149, 1.83141], [150, 1.8388], [151, 1.83761], [152, 1.84023], [153, 1.84582], [154, 1.84881], [155, 1.83823], [156, 1.83698], [157, 1.83877], [158, 1.83562], [159, 1.83996], [160, 1.84787], [161, 1.83377], [162, 1.83759], [163, 1.83369], [164, 1.83455], [165, 1.83479], [166, 1.83436], [167, 1.8386], [168, 1.83882], [169, 1.8376], [170, 1.83665], [171, 1.83983], [172, 1.82696], [173, 1.8395], [174, 1.84513], [175, 1.83285], [176, 1.83175], [177, 1.8452], [178, 1.8402], [179, 1.83553], [180, 1.84778], [181, 1.84022], [182, 1.84455], [183, 1.83099], [184, 1.84186], [185, 1.83159], [186, 1.83744], [187, 1.83697], [188, 1.83601], [189, 1.82983], [190, 1.84211], [191, 1.83456], [192, 1.84718], [193, 1.84568], [194, 1.838], [195, 1.83042], [196, 1.84811], [197, 1.83779], [198, 1.84228], [199, 1.83394], [200, 1.84323]], "loss_conf": [[1, 2.8935], [2, 0.1507], [3, 0.12225], [4, 0.08319], [5, 0.06685], [6, 0.08386], [7, 0.08776], [8, 0.06593], [9, 0.06439], [10, 0.07102], [11, 0.06425], [12, 0.05931], [13, 0.05394], [14, 0.04807], [15, 0.04729], [16, 0.03467], [17, 0.04338], [18, 0.05177], [19, 0.04579], [20, 0.04785], [21, 0.05277], [22, 0.04822], [23, 0.04921], [24, 0.04637], [25, 0.04507], [26, 0.04801], [27, 0.03628], [28, 0.04215], [29, 0.04606], [30, 0.04988], [31, 0.03627], [32, 0.04526], [33, 0.04174], [34, 0.04293], [35, 0.03278], [36, 0.02885], [37, 0.04606], [38, 0.03961], [39, 0.04214], [40, 0.03405], [41, 0.03537], [42, 0.02792], [43, 0.03259], [44, 0.04398], [45, 0.04049], [46, 0.04366], [47, 0.03569], [48, 0.0429], [49, 0.0415], [50, 0.03706], [51, 0.04711], [52, 0.04215], [53, 0.04657], [54, 0.03527], [55, 0.03175], [56, 0.03781], [57, 0.04517], [58, 0.0327], [59, 0.02613], [60, 0.03181], [61, 0.03532], [62, 0.03436], [63, 0.04328], [64, 0.02992], [65, 0.04109], [66, 0.03], [67, 0.04236], [68, 0.03769], [69, 0.03451], [70, 0.04545], [71, 0.02951], [72, 0.03886], [73, 0.0482], [74, 0.02981], [75, 0.0297], [76, 0.04655], [77, 0.02924], [78, 0.02861], [79, 0.03175], [80, 0.04351], [81, 0.03707], [82, 0.04245], [83, 0.0426], [84, 0.04932], [85, 0.03619], [86, 0.02864], [87, 0.0304], [88, 0.03586], [89, 0.02608], [90, 0.02803], [91, 0.0347], [92, 0.04134], [93, 0.03046], [94, 0.04293], [95, 0.02487], [96, 0.03551], [97, 0.03151], [98, 0.02291], [99, 0.03042], [100, 0.04445], [101, 0.02389], [102, 0.03828], [103, 0.03808], [104, 0.04139], [105, 0.02738], [106, 0.02179], [107, 0.03056], [108, 0.03526], [109, 0.04499], [110, 0.0302], [111, 0.04402], [112, 0.03666], [113, 0.03787], [114, 0.02525], [115, 0.02781], [116, 0.0292], [117, 0.0342], [118, 0.03593], [119, 0.04055], [120, 0.03348], [121, 0.0356], [122, 0.02882], [123, 0.02867], [124, 0.02832], [125, 0.03075], [126, 0.03939], [127, 0.02882], [128, 0.03259], [129, 0.0321], [130, 0.03249], [131, 0.04027], [132, 0.03515], [133, 0.02413], [134, 0.04257], [135, 0.0265], [136, 0.02897], [137, 0.02705], [138, 0.03439], [139, 0.02442], [140, 0.0269], [141, 0.03557], [142, 0.03384], [143, 0.03128], [144, 0.02072], [145, 0.03874], [146, 0.01889], [147, 0.02961], [148, 0.03966], [149, 0.02211], [150, 0.02946], [151, 0.02915], [152, 0.03154], [153, 0.03662], [154, 0.03989], [155, 0.02896], [156, 0.02801], [157, 0.02961], [158, 0.0265], [159, 0.0305], [160, 0.0394], [161, 0.02511], [162, 0.02994], [163, 0.02417], [164, 0.02509], [165, 0.02677], [166, 0.02627], [167, 0.03027], [168, 0.02996], [169, 0.02982], [170, 0.028], [171, 0.031], [172, 0.01865], [173, 0.03077], [174, 0.03817], [175, 0.0248], [176, 0.02288], [177, 0.03753], [178, 0.03074], [179, 0.02812], [180, 0.04015], [181, 0.03315], [182, 0.03593], [183, 0.0227], [184, 0.03304], [185, 0.02341], [186, 0.03082], [187, 0.02852], [188, 0.02883], [189, 0.02278], [190, 0.03534], [191, 0.02669], [192, 0.03927], [193, 0.03732], [194, 0.03007], [195, 0.02245], [196, 0.03995], [197, 0.03055], [198, 0.03418], [199, 0.02693], [200, 0.03592]],